Workbook

Sheet Recipes
A1: ingredients | B1: dish | C1: Image (clear) | D1: Image (blurred) | E1: (Clue) Cook time | F1: (Clue) Country of Origin | G1: Country Flag | H1: Region | I1: (Clue) Sweet or Savoury | J1: Reciple Link (goodfood) | K1: Simplycook link | L1: Gousto Link | M1: Hellofresh Link | N1: Cooking Method | O1: Dish description
A2: ['semolina flour', 'eggs', 'spinach', 'ricotta'] | B2: ravioli | C2: https://upload.wikimedia.org/wikipedia/commons/thumb/5/59/Ravioles_de_carne_y_espinaca_con_salsa_y_queso_rallado.jpg/640px-Ravioles_de_carne_y_espinaca_con_salsa_y_queso_rallado.jpg | E2: 25 mins | F2: Italy | G2: =_xlfn.XLOOKUP(F2,'Country Flags'!$A$2:$A$18, 'Country Flags'!$B$2:$B$18, "not found", 0) -> /Users/aminatlawal/Documents/Dish Guesser/country flags/it.png' | H2: Europe | I2: Savoury | J2: https://www.bbcgoodfood.com/recipes/homemade-ravioli | N2: Boiled | O2: Ravioli are small, square-shaped pasta parcels traditionally filled with a mixture of ricotta cheese and spinach, then sealed and boiled until tender. This Italian classic features a delicate semolina pasta dough that encases the creamy filling, often served with butter and sage or a light tomato sauce.
A3: ['mascarpone', 'ladyfingers', 'espresso', 'cocoa powder'] | B3: tiramisu | C3: https://upload.wikimedia.org/wikipedia/commons/thumb/5/58/Tiramisu_-_Raffaele_Diomede.jpg/500px-Tiramisu_-_Raffaele_Diomede.jpg | E3: 30 mins | F3: Italy | G3: =_xlfn.XLOOKUP(F3,'Country Flags'!$A$2:$A$18, 'Country Flags'!$B$2:$B$18, "not found", 0) -> /Users/aminatlawal/Documents/Dish Guesser/country flags/it.png' | H3: Europe | I3: Sweet | J3: https://www.bbcgoodfood.com/recipes/best-ever-tiramisu | N3: Chilled | O3: Tiramisu is a classic Italian no-bake dessert made by layering coffee-soaked ladyfinger biscuits with a rich mascarpone cream. The espresso provides a bold, slightly bitter contrast to the sweet, velvety mascarpone mixture, and the entire dessert is dusted with cocoa powder for a finishing touch.
A4: ['masa harina', 'lard', 'chicken broth', 'corn husks'] | B4: tamales | C4: https://upload.wikimedia.org/wikipedia/commons/thumb/a/a5/Tamale_Oaxaque%C3%B1o.jpg/500px-Tamale_Oaxaque%C3%B1o.jpg | E4: 2 hrs | F4: Mexico | G4: =_xlfn.XLOOKUP(F4,'Country Flags'!$A$2:$A$18, 'Country Flags'!$B$2:$B$18, "not found", 0) -> /Users/aminatlawal/Documents/Dish Guesser/country flags/mx.png' | H4: North America | I4: Savoury | J4: https://www.bbcgoodfood.com/user/760800/recipe/mexican-pork-tamales | N4: Steamed | O4: Tamales are traditional Mexican parcels made from masa (corn dough) that's spread onto corn husks, filled with seasoned meat or other fillings, then wrapped and steamed. The masa is enriched with lard and chicken broth, creating a soft, slightly dense texture that complements the savoury filling.
A5: ['avocados', 'lime', 'cilantro', 'onion'] | B5: guacamole | C5: https://upload.wikimedia.org/wikipedia/commons/thumb/6/64/Guacamole_IMGP1271.jpg/500px-Guacamole_IMGP1271.jpg | E5: 10 mins | F5: Mexico | G5: =_xlfn.XLOOKUP(F5,'Country Flags'!$A$2:$A$18, 'Country Flags'!$B$2:$B$18, "not found", 0) -> /Users/aminatlawal/Documents/Dish Guesser/country flags/mx.png' | H5: North America | I5: Savoury | J5: https://www.bbcgoodfood.com/recipes/best-ever-chunky-guacamole | N5: Raw | O5: Guacamole is a vibrant Mexican dip made by mashing ripe avocados and mixing them with fresh lime juice, chopped cilantro, and diced onion. The creamy texture of the avocado is balanced by the acidity of the lime and the fresh, herbal notes of cilantro.
A6: ['miso paste', 'dashi', 'tofu', 'wakame'] | B6: miso soup | C6: https://upload.wikimedia.org/wikipedia/commons/thumb/e/e8/Miso_Soup_001.jpg/500px-Miso_Soup_001.jpg | E6: 5 mins | F6: Japan | G6: =_xlfn.XLOOKUP(F6,'Country Flags'!$A$2:$A$18, 'Country Flags'!$B$2:$B$18, "not found", 0) -> /Users/aminatlawal/Documents/Dish Guesser/country flags/jp.png' | H6: Asia | I6: Savoury | J6: https://www.bbcgoodfood.com/recipes/miso-soup | N6: Simmered | O6: Miso soup is a fundamental Japanese soup made with dashi (a savoury stock) and dissolved miso paste, creating a deeply umami broth. It typically contains silken tofu cubes and wakame seaweed, offering a light yet flavourful start to a meal.
A7: ['bonito flakes', 'cabbage', 'flour', 'eggs'] | B7: okonomiyaki | C7: https://upload.wikimedia.org/wikipedia/commons/thumb/5/59/Okonomiyaki_001.jpg/500px-Okonomiyaki_001.jpg | E7: 15 mins | F7: Japan | G7: =_xlfn.XLOOKUP(F7,'Country Flags'!$A$2:$A$18, 'Country Flags'!$B$2:$B$18, "not found", 0) -> /Users/aminatlawal/Documents/Dish Guesser/country flags/jp.png' | H7: Asia | I7: Savoury | J7: https://www.bbcgoodfood.com/recipes/okonomiyaki | N7: Pan-fried | O7: Okonomiyaki is a Japanese savoury pancake made from a batter of flour, eggs, and shredded cabbage, pan-fried until crispy on the outside. Topped with bonito flakes that dance from the heat, along with okonomiyaki sauce and Japanese mayonnaise, it's often described as 'Japanese pizza'.
A8: ['kimchi', 'tofu', 'pork belly', 'gochugaru'] | B8: kimchi jjigae | C8: https://upload.wikimedia.org/wikipedia/commons/d/d6/Korean.cuisine-Kimchi_jjigae-01.jpg | E8: 25 mins | F8: South Korea | G8: =_xlfn.XLOOKUP(F8,'Country Flags'!$A$2:$A$18, 'Country Flags'!$B$2:$B$18, "not found", 0) -> /Users/aminatlawal/Documents/Dish Guesser/country flags/kr.png' | H8: Asia | I8: Savoury | J8: https://www.bbcgoodfood.com/recipes/kimchi-jjigae | N8: Stewed | O8: Kimchi jjigae is a hearty Korean stew that combines fermented kimchi with tofu, pork belly, and gochugaru (Korean chili flakes) in a bubbling, spicy broth. The long-fermented kimchi provides a tangy, complex flavour that deepens as the stew simmers.
A9: ['glass noodles', 'shiitake', 'carrot', 'sesame oil'] | B9: japchae | C9: https://upload.wikimedia.org/wikipedia/commons/thumb/c/c8/Polish_Korean_Cuisine_and_Culture_Exchanges_Gradmother%E2%80%99s_Recipes_05.jpg/500px-Polish_Korean_Cuisine_and_Culture_Exchanges_Gradmother%E2%80%99s_Recipes_05.jpg | E9: 20 mins | F9: South Korea | G9: =_xlfn.XLOOKUP(F9,'Country Flags'!$A$2:$A$18, 'Country Flags'!$B$2:$B$18, "not found", 0) -> /Users/aminatlawal/Documents/Dish Guesser/country flags/kr.png' | H9: Asia | I9: Savoury | J9: https://www.bbcgoodfood.com/recipes/japchae-stir-fried-noodles | N9: Stir-fried | O9: Japchae is a Korean dish of sweet potato glass noodles stir-fried with julienned vegetables like shiitake mushrooms and carrots, all tossed in a savoury-sweet sesame oil and soy sauce mixture. The translucent, chewy noodles have a unique texture that absorbs the flavours beautifully.
A10: ['tamarind', 'fish sauce', 'palm sugar', 'rice noodles'] | B10: pad thai | C10: https://upload.wikimedia.org/wikipedia/commons/thumb/3/39/Phat_Thai_kung_Chang_Khien_street_stall.jpg/500px-Phat_Thai_kung_Chang_Khien_street_stall.jpg | E10: 10 mins | F10: Thailand | G10: =_xlfn.XLOOKUP(F10,'Country Flags'!$A$2:$A$18, 'Country Flags'!$B$2:$B$18, "not found", 0) -> /Users/aminatlawal/Documents/Dish Guesser/country flags/th.png' | H10: Asia | I10: Savoury | J10: https://www.bbcgoodfood.com/recipes/pad-thai | N10: Stir-fried | O10: Pad Thai is Thailand's iconic stir-fried rice noodle dish featuring a distinctive sweet-sour-savoury sauce made from tamarind, fish sauce, and palm sugar. The flat rice noodles are quickly stir-fried with this sauce, often garnished with crushed peanuts, bean sprouts, and lime wedges.
A11: ['hoisin sauce', 'five spice', 'duck', 'pancakes'] | B11: peking duck | C11: https://upload.wikimedia.org/wikipedia/commons/thumb/8/81/Peking_Duck%2C_2014_%2802%29.jpg/500px-Peking_Duck%2C_2014_%2802%29.jpg | E11: 1 hr 50 mins | F11: China | G11: =_xlfn.XLOOKUP(F11,'Country Flags'!$A$2:$A$18, 'Country Flags'!$B$2:$B$18, "not found", 0) -> /Users/aminatlawal/Documents/Dish Guesser/country flags/cn.png' | H11: Asia | I11: Savoury | J11: https://www.bbcgoodfood.com/recipes/peking-duck | N11: Roasted | O11: Peking duck is a celebrated Chinese dish where duck is glazed with a mixture including hoisin sauce and five-spice powder, then roasted until the skin becomes incredibly crispy and lacquered. The carved duck is traditionally served in thin pancakes with cucumber and spring onions.
A12: ['paneer', 'spinach', 'garam masala', 'cream'] | B12: palak paneer | C12: https://upload.wikimedia.org/wikipedia/commons/thumb/b/b7/Palakpaneer_Rayagada_Odisha_0009.jpg/500px-Palakpaneer_Rayagada_Odisha_0009.jpg | E12: 20 mins | F12: India | G12: =_xlfn.XLOOKUP(F12,'Country Flags'!$A$2:$A$18, 'Country Flags'!$B$2:$B$18, "not found", 0) -> /Users/aminatlawal/Documents/Dish Guesser/country flags/in.png' | H12: Asia | I12: Savoury | J12: https://www.bbcgoodfood.com/recipes/saag-paneer | N12: Simmered | O12: Palak paneer is an Indian curry featuring cubes of paneer (Indian cottage cheese) in a vibrant green spinach gravy spiced with garam masala and finished with cream. The spinach is blanched and pureed to create a smooth, silky sauce that coats the soft paneer.
A13: ['lentils', 'turmeric', 'cumin', 'ghee'] | B13: dal tadka | C13: https://upload.wikimedia.org/wikipedia/commons/7/73/Dal_tadka_and_naan.jpg | E13: 1 hr | F13: India | G13: =_xlfn.XLOOKUP(F13,'Country Flags'!$A$2:$A$18, 'Country Flags'!$B$2:$B$18, "not found", 0) -> /Users/aminatlawal/Documents/Dish Guesser/country flags/in.png' | H13: Asia | I13: Savoury | J13: https://www.bbcgoodfood.com/recipes/tarka-dhal | N13: Simmered | O13: Dal tadka is an Indian lentil dish where yellow lentils are cooked with turmeric until soft, then finished with a 'tadka'—a tempering of ghee, cumin, and aromatic spices poured sizzling over the top. This creates layers of flavour from the earthy lentils to the fragrant, crispy spice topping.
... A39: ['rice paper', 'coconut', 'sesame seeds', 'mung beans'] | B39: mochi | C39: https://upload.wikimedia.org/wikipedia/commons/thumb/f/ff/Mochi_002.jpg/500px-Mochi_002.jpg | E39: 50 mins | F39: Japan | G39: =_xlfn.XLOOKUP(F39,'Country Flags'!$A$2:$A$18, 'Country Flags'!$B$2:$B$18, "not found", 0) -> /Users/aminatlawal/Documents/Dish Guesser/country flags/jp.png' | H39: Asia | I39: Sweet | J39: https://www.bbcgoodfood.com/recipes/mochi-ice-cream | N39: Pounded | O39: Mochi is a Japanese confection made from glutinous rice that's pounded into a smooth, elastic paste, then shaped and often filled with sweet fillings. The texture is distinctively chewy and stretchy, with a subtle sweetness that can be enhanced with coatings like sesame seeds or filled with sweetened red bean paste.

Sheet Country Flags
A1: Country | B1: Flag Image
A2: Italy | B2: /Users/aminatlawal/Documents/Dish Guesser/country flags/it.png'
A3: Mexico | B3: /Users/aminatlawal/Documents/Dish Guesser/country flags/mx.png'
A4: Japan | B4: /Users/aminatlawal/Documents/Dish Guesser/country flags/jp.png'
A5: South Korea | B5: /Users/aminatlawal/Documents/Dish Guesser/country flags/kr.png'
A6: Thailand | B6: /Users/aminatlawal/Documents/Dish Guesser/country flags/th.png'
A7: China | B7: /Users/aminatlawal/Documents/Dish Guesser/country flags/cn.png'
A8: India | B8: /Users/aminatlawal/Documents/Dish Guesser/country flags/in.png'
A9: Lebanon | B9: /Users/aminatlawal/Documents/Dish Guesser/country flags/lb.png'
A10: Greece | B10: /Users/aminatlawal/Documents/Dish Guesser/country flags/gr.png'
A11: Turkey | B11: /Users/aminatlawal/Documents/Dish Guesser/country flags/tr.png'
A12: Egypt | B12: /Users/aminatlawal/Documents/Dish Guesser/country flags/eg.png'
... A18: Sweden | B18: /Users/aminatlawal/Documents/My Tableau Repository/Shapes/Country flags/se.png'

Sheet Mechanics of the game
A1: Notes
A2: • Need to add blurred image • Maybe add cooking method • Either a drop down method for dishes or LLM that takes the answer, runs text analysis to see if it matches the answer then returns the answer if it is a match. • I'm going to need to add photos of the ingredients as well, it'd be great if i could add a tooltip on information on it (would require another table and some data modelling?) • Need description of the dishes as well.
